type,ratio,conn_size,value_size,iter1,iter2,iter3,iter4,iter5,comment
PARAM,,,,,,,,,"key_size=256,key_space_size=65536,backend_size=21474836480,range_limit=100,commit=14cf6694e"
DATA,.0078,32,256,227.8451:29362.2691,224.7924:29489.5167,229.8857:29129.4615,228.8560:28869.1272,229.6672:29139.3680,
DATA,.0078,64,256,228.8824:29806.0188,235.6524:30112.1085,231.1874:29350.9779,233.1457:30005.7930,233.4068:30039.4125,
DATA,.0078,128,256,244.3321:31861.6082,231.7674:30043.8906,243.6679:31421.7267,240.6114:31007.0912,250.5333:31684.4988,
DATA,.0078,256,256,241.9448:31298.7036,245.6037:31649.1579,253.0322:31956.1995,251.9517:32317.0208,256.1625:33074.4042,
DATA,.0078,512,256,312.1994:39432.1928,304.7211:39970.9055,294.4353:39517.0054,308.3644:39142.3361,311.8259:38928.7097,
DATA,.0078,1024,256,376.9940:50102.1997,406.4159:51711.2255,399.5960:50424.2235,406.1093:50879.9088,381.7966:48799.0217,
DATA,.0078,2048,256,498.8470:64946.3624,468.8353:63570.6456,501.0559:63852.4208,501.0441:63640.0160,491.0149:64914.6634,
DATA,.0078,32,512,222.3050:27531.0575,225.1186:28343.1574,219.0241:28133.5075,223.7422:28332.7459,224.0944:28691.1355,
DATA,.0078,64,512,223.3676:28973.5257,220.8011:29121.3099,230.0812:29116.8727,226.5934:29239.0595,233.9292:29432.8878,
DATA,.0078,128,512,220.7554:28392.7179,217.4801:28081.1046,223.0855:28158.7514,225.0820:27927.4016,221.4928:28543.3569,
DATA,.0078,256,512,254.9511:32897.2450,246.9724:31972.9878,251.5630:32374.5711,244.8368:31778.7061,250.3301:31039.0826,
DATA,.0078,512,512,287.4100:37471.8795,296.7448:37403.0192,296.5469:37116.9342,292.3795:37164.0854,297.1164:37401.8281,
DATA,.0078,1024,512,383.8730:49485.9251,376.7709:48855.0040,371.2258:49341.6475,364.2118:48079.2050,379.3967:49258.5585,
DATA,.0078,2048,512,477.0166:61913.6727,487.4808:61052.6751,488.8591:62288.1787,477.8780:61569.0575,481.8343:60688.6831,
DATA,.0078,32,1024,206.6820:26410.2806,206.0233:24796.7523,198.7332:25279.7076,200.8646:26211.2544,201.8561:25627.3931,
DATA,.0078,64,1024,207.7642:27512.3295,211.7479:26239.8206,205.7302:26863.7116,203.6160:27860.2364,210.4797:27141.3728,
DATA,.0078,128,1024,216.0843:28422.9668,215.4991:26031.6810,219.3345:28394.9407,213.3491:27547.9912,212.8440:27249.0615,
DATA,.0078,256,1024,221.8369:29315.3848,233.5602:29631.9979,224.3851:28449.7706,219.4422:28708.6533,226.6786:29636.5249,
DATA,.0078,512,1024,273.3425:36510.5808,299.5282:36023.7018,283.4490:35932.4997,286.0851:36477.9176,272.8932:35602.1542,
DATA,.0078,1024,1024,378.8005:47794.5634,338.9238:45106.6899,367.6968:46543.5029,366.9988:46999.8399,352.7618:46307.0582,
DATA,.0078,2048,1024,458.8512:57467.8273,446.7797:58446.3180,441.2127:57570.3592,478.4535:57578.6468,442.2393:56983.7806,
DATA,.0078,32,2048,189.4511:25516.0687,187.9074:24310.9234,194.1612:24907.4777,188.3111:24156.7558,190.0996:23691.6644,
DATA,.0078,64,2048,198.3188:25177.4711,198.2788:25059.9426,196.0579:25133.7743,196.0523:25019.3554,197.0091:24646.3478,
DATA,.0078,128,2048,191.2667:25760.0949,198.5155:25121.9267,196.8693:24691.1533,192.3114:25363.8413,195.8249:25689.2863,
DATA,.0078,256,2048,208.1447:25873.5664,215.0499:27748.4015,212.3254:26112.8451,206.5732:27353.4169,203.0903:26343.3674,
DATA,.0078,512,2048,269.6486:33880.4373,262.4591:33039.8272,251.2387:32737.3397,271.4462:33029.3081,270.0934:33594.2760,
DATA,.0078,1024,2048,329.3035:41714.7625,333.1425:42335.9689,321.6816:41963.7528,328.2966:42461.1705,339.2454:42265.3254,
DATA,.0078,2048,2048,398.9185:52223.3380,414.0875:51668.6492,402.2835:51298.3759,416.0423:51328.9418,388.7519:50032.3401,
DATA,.0078,32,4096,171.9315:21660.5805,165.8342:21301.3312,168.6487:20925.5002,163.2558:20218.1904,158.8829:20732.9500,
DATA,.0078,64,4096,174.6786:22481.1485,173.9961:22033.1588,159.5338:20886.9696,161.8142:20717.2675,169.4113:21139.2331,
DATA,.0078,128,4096,164.2794:21551.2779,164.7613:21204.6087,167.2294:21217.3016,163.1588:20424.4556,168.2255:21879.2273,
DATA,.0078,256,4096,187.9867:24255.7333,181.1952:23993.2363,192.0716:23997.5598,188.3955:23597.4319,181.2874:24201.1477,
DATA,.0078,512,4096,234.7828:30294.8843,231.6265:30321.3795,235.5990:30160.2197,229.9882:30368.9358,245.0881:29877.6263,
DATA,.0078,1024,4096,292.5004:37906.9146,299.5368:37510.6910,307.5033:38288.4120,299.4946:37218.6178,282.7983:36009.7755,
DATA,.0078,2048,4096,335.7900:43307.0117,329.4187:43623.6561,334.2934:42968.3129,332.3806:43035.9244,322.4639:42761.0191,
DATA,.0078,32,8192,145.9232:18372.2055,136.3560:18427.9960,144.5166:17708.0262,141.3314:17714.7688,143.9000:17765.1512,
DATA,.0078,64,8192,138.4091:16991.3580,131.9969:17704.8902,131.2560:17726.6463,138.0176:17399.0475,129.3842:17179.4015,
DATA,.0078,128,8192,154.5163:18394.5326,144.9268:18664.2378,132.3528:16978.3744,143.9291:18511.5529,143.4612:18548.2755,
DATA,.0078,256,8192,159.7518:20242.0043,155.6282:19505.7275,146.3654:20309.2598,170.5543:20742.6230,165.6954:21394.2707,
DATA,.0078,512,8192,194.3857:25279.7692,187.4081:25101.6668,189.2519:25732.3798,195.0611:25569.7285,200.5168:25786.4392,
DATA,.0078,1024,8192,248.0696:31836.3343,244.4993:31727.4295,252.3388:31967.4286,267.9345:30769.8844,239.7231:31440.8267,
DATA,.0078,2048,8192,273.9984:35904.1265,276.6065:35768.3238,278.5485:35531.8686,285.5820:35529.8151,278.8494:35966.4086,
DATA,.0078,32,16384,109.8674:14480.7174,102.1668:13902.8363,101.0724:13303.7523,110.6775:14442.5592,102.9833:13411.8636,
DATA,.0078,64,16384,102.5639:13636.6863,113.4855:14215.4896,110.8279:14725.4559,111.3297:14106.9241,112.4570:14444.9953,
DATA,.0078,128,16384,112.7471:14606.0607,109.7116:14402.3068,110.0847:14289.3939,110.5684:14602.2438,115.7662:15096.1971,
DATA,.0078,256,16384,126.9938:16953.0142,126.6648:16851.8431,134.0828:16827.2700,126.5430:15680.3933,126.9090:16527.4583,
DATA,.0078,512,16384,156.5228:19831.7834,153.1151:19860.1905,158.2441:19895.6234,156.0398:20239.7874,156.0083:19882.0945,
DATA,.0078,1024,16384,173.7666:23178.0824,184.6443:23124.9692,167.4507:23069.2256,178.9425:22816.9928,178.7958:22798.6512,
DATA,.0078,2048,16384,206.7681:25185.5603,196.4142:24928.2507,195.7074:25129.3638,200.0481:24970.3191,187.8068:24761.6107,
DATA,.1250,32,256,859.8230:6852.9671,861.2436:6926.4639,861.7408:6878.3162,851.1590:6818.6572,852.8377:6793.4979,
DATA,.1250,64,256,1294.0576:10333.6954,1300.8772:10409.1699,1313.1177:10355.3644,1284.7195:10249.2754,1293.7515:10263.7377,
DATA,.1250,128,256,2052.3227:16367.0820,2063.3017:16540.8294,2085.3040:16672.2943,2057.7032:16367.0105,2059.3084:16605.3303,
DATA,.1250,256,256,2723.9917:21827.6421,2747.0931:22007.0097,2700.9829:21980.8555,2699.1365:21806.3096,2700.5200:21410.4238,
DATA,.1250,512,256,3143.1574:25053.1163,3209.2043:25753.2664,3100.4648:24617.4850,3123.9150:25103.0457,3152.8086:25339.1163,
DATA,.1250,1024,256,3777.6506:29845.8971,3704.3195:29626.3676,3701.2586:29339.1684,3669.5116:29498.7049,3718.9727:29475.3337,
DATA,.1250,2048,256,4192.4687:33340.2421,4157.7282:33080.2735,4137.6767:32655.8946,4142.4280:32859.2216,4053.5688:31978.5995,
DATA,.1250,32,512,830.9231:6698.2776,823.0677:6631.2308,819.2163:6593.1555,835.2594:6642.1010,833.8928:6670.5310,
DATA,.1250,64,512,1227.8574:9894.9372,1249.3255:10048.5161,1228.6211:9959.7748,1292.4662:10236.0534,1236.3893:9859.2340,
DATA,.1250,128,512,1878.6178:15076.1996,1826.1184:14622.2491,1966.3637:15810.8656,1956.5701:15644.6502,1966.2796:15782.6302,
DATA,.1250,256,512,2407.9951:19428.1838,2324.8325:18999.0237,2352.1557:19016.9759,2486.9528:19837.3166,2347.6339:18766.3789,
DATA,.1250,512,512,3118.4046:24957.6107,3173.6352:25367.6625,3118.4247:24930.9131,3126.8808:24942.1397,3092.6557:24971.3795,
DATA,.1250,1024,512,3632.8680:28982.6426,3591.1981:28937.7331,3598.8978:28722.8225,3565.8859:28353.8550,3589.5283:28601.3766,
DATA,.1250,2048,512,4008.3601:32123.2645,3950.6455:31323.6790,3969.3240:31574.0898,3908.2924:32037.6843,3958.4784:31551.7851,
DATA,.1250,32,1024,815.7594:6461.6138,802.5488:6516.6287,813.0748:6528.7761,818.8398:6530.9386,819.8759:6589.7518,
DATA,.1250,64,1024,1165.1671:9283.3043,1206.5744:9604.0195,1202.9220:9566.7039,1203.3778:9670.1358,1170.2776:9440.6056,
DATA,.1250,128,1024,1900.3708:15305.0220,1898.6155:15344.1010,1929.3485:15600.3555,1920.0514:15381.0976,1954.9278:15673.3749,
DATA,.1250,256,1024,2440.9064:19773.4586,2486.6413:20008.2557,2422.4588:19586.7186,2453.5444:19760.6700,2467.9238:19914.9253,
DATA,.1250,512,1024,2873.6013:23080.7493,2853.6431:22646.7117,2862.8115:22594.4230,2775.5304:22379.7801,2836.5557:22704.9252,
DATA,.1250,1024,1024,3323.7253:26737.6118,3262.5541:26398.8661,3303.0084:26000.0442,3263.7626:25952.1287,3296.9313:26296.7901,
DATA,.1250,2048,1024,3655.7366:29239.9362,3571.2817:28711.2778,3573.3221:28320.6769,3607.1971:28798.8489,3578.4074:28336.7675,
DATA,.1250,32,2048,752.1709:6038.2060,750.8705:6023.7684,754.5336:6064.5606,761.8129:6004.7376,757.8026:6104.4828,
DATA,.1250,64,2048,1180.4310:9317.6207,1143.6394:9249.7399,1140.4176:9098.5132,1163.8255:9368.9630,1146.8235:9177.4502,
DATA,.1250,128,2048,1654.9228:13221.9640,1678.7231:13396.5327,1749.4051:13936.9272,1736.1462:13891.2408,1783.7431:14377.3860,
DATA,.1250,256,2048,2274.0374:18073.8355,2265.2017:18232.7934,2292.0363:18358.2625,2189.9007:17467.4491,2264.5344:18193.2774,
DATA,.1250,512,2048,2497.3112:20012.5090,2450.6741:19650.8776,2458.5997:19318.5627,2440.3067:19619.3868,2429.6057:19647.3833,
DATA,.1250,1024,2048,2979.7525:23900.8654,2958.2967:23366.1982,2900.5145:23350.4422,2939.2073:23551.2232,2915.0079:23212.9077,
DATA,.1250,2048,2048,3180.6541:25640.9300,3168.3322:25498.1378,3189.4976:25429.4552,3187.2798:25275.1166,3197.4559:25399.5999,
DATA,.1250,32,4096,754.8115:6026.9543,734.9852:5905.3396,740.4067:5933.2224,739.1057:5923.3953,744.8054:5953.3786,
DATA,.1250,64,4096,1054.7716:8532.6479,1028.0264:8308.3113,1056.0832:8534.6060,1099.5615:8859.3012,1060.0467:8526.0467,
DATA,.1250,128,4096,1291.2586:10305.0917,1274.7047:10185.2756,1295.3069:10217.4388,1271.8655:10222.5409,1291.3783:10336.3169,
DATA,.1250,256,4096,1787.4284:14125.9183,1829.1852:14559.2970,1806.6520:14659.0954,1815.7244:14208.8679,1801.2566:14373.9728,
DATA,.1250,512,4096,2084.2106:16923.0227,2081.0934:16633.7646,2075.2412:16696.9420,2080.9736:16488.3570,2067.6114:16588.1687,
DATA,.1250,1024,4096,2480.8530:19894.3298,2445.4265:19536.0589,2444.1689:19666.0776,2445.8041:19520.7331,2458.4841:19500.0145,
DATA,.1250,2048,4096,2519.2462:20101.9159,2579.6300:20904.2742,2543.7257:20101.9416,2566.7101:20714.2939,2574.3982:20676.0627,
DATA,.1250,32,8192,544.9905:4336.2467,600.5404:4756.9435,521.8862:4185.9382,613.7725:4857.5145,534.1282:4283.9078,
DATA,.1250,64,8192,910.3165:7319.6242,863.5603:6855.6844,905.5985:7196.7007,877.8088:7070.0845,905.7177:7228.9577,
DATA,.1250,128,8192,974.4667:7735.7490,981.5266:7791.4410,1005.5535:8069.1594,986.4927:7782.6689,949.2027:7590.6114,
DATA,.1250,256,8192,1326.7583:10562.5971,1320.5191:10552.8773,1298.0990:10572.6054,1304.7499:10547.2333,1322.1531:10523.1969,
DATA,.1250,512,8192,1628.6401:12959.7025,1612.6097:12974.8878,1642.8070:13107.0603,1625.7522:13166.2520,1621.7922:12959.7331,
DATA,.1250,1024,8192,1786.1499:14362.9155,1804.6989:14220.0149,1784.3874:14345.7894,1767.9466:14321.3476,1783.7006:14397.3118,
DATA,.1250,2048,8192,1821.9535:14678.7660,1807.3305:14568.3774,1816.8788:14542.4706,1811.9327:14535.1719,1802.2691:14481.1721,
DATA,.1250,32,16384,403.4391:3206.7529,394.7301:3145.4479,393.6348:3134.9793,385.6551:3089.0259,393.4579:3163.7037,
DATA,.1250,64,16384,578.2168:4618.9949,534.0089:4262.6125,528.5642:4273.7137,531.0615:4210.7564,527.7336:4218.0391,
DATA,.1250,128,16384,710.0265:5663.9024,707.7876:5647.4659,704.4630:5614.9808,711.2655:5666.0526,705.5724:5702.5722,
DATA,.1250,256,16384,920.3123:7405.2451,906.7669:7243.4272,926.3366:7333.3686,911.3816:7291.6950,916.9441:7273.9700,
DATA,.1250,512,16384,1025.8824:8277.9619,1025.6288:8250.9816,1020.4387:8163.1869,1019.8569:8048.0336,1023.0919:8151.1563,
DATA,.1250,1024,16384,1112.9942:8849.1762,1113.3324:9042.7166,1111.7238:8891.4306,1113.6031:8941.2313,1115.6215:8992.0373,
DATA,.1250,2048,16384,1113.8595:8935.9131,1123.2279:8895.8747,1119.2707:9011.2871,1129.2502:9016.8930,1110.9139:9001.8212,
DATA,.2500,32,256,1310.2432:5218.7690,1327.7725:5351.9935,1320.6449:5308.9242,1323.8672:5316.8795,1312.9286:5199.1230,
DATA,.2500,64,256,2001.4430:8041.8887,1956.2639:7913.6001,1975.7529:7992.1817,1990.3773:8108.4137,2013.8630:8013.5614,
DATA,.2500,128,256,2993.1579:11989.3758,3002.7767:12130.1531,3008.7968:11865.8607,2986.9523:12062.0269,3053.9722:12280.9311,
DATA,.2500,256,256,4013.9234:16121.7756,3855.5053:15396.5625,3896.5024:15626.1692,3882.1004:15456.9307,3962.0493:15831.1846,
DATA,.2500,512,256,4521.0394:18177.7058,4533.9590:18265.0085,4546.8610:18173.6536,4585.1750:18362.4748,4599.0227:18448.1065,
DATA,.2500,1024,256,4963.7920:19931.3440,4874.2832:19399.4423,4865.6646:19558.5275,4931.2939:19506.0577,4898.9685:19506.8276,
DATA,.2500,2048,256,5264.7682:20949.6065,5148.4168:20392.2203,5155.5263:20790.0050,5150.6054:20516.4899,5136.7428:20539.8337,
DATA,.2500,32,512,1235.3124:4904.7102,1243.5956:5004.0538,1277.2190:5120.0627,1243.6411:4973.3151,1237.6826:4968.2570,
DATA,.2500,64,512,1937.2991:7756.4335,1906.6548:7663.0076,1931.1579:7731.1082,1922.5249:7659.3811,1923.6085:7660.0765,
DATA,.2500,128,512,2817.3531:11372.4436,2729.8385:10965.4365,2822.3720:11215.2950,2892.9047:11474.1649,2881.7010:11563.1771,
DATA,.2500,256,512,3758.0692:14973.6950,3761.6756:15042.9865,3698.7813:14853.8604,3743.1428:14946.4627,3749.2805:14983.8282,
DATA,.2500,512,512,4384.1152:17543.4146,4343.1080:17468.2706,4378.0975:17492.9038,4340.3640:17209.9728,4405.4549:17554.0498,
DATA,.2500,1024,512,4746.6686:18840.0402,4679.3457:18807.8763,4657.3577:18727.5564,4691.1239:18675.6462,4699.8292:18829.9994,
DATA,.2500,2048,512,5022.8386:20131.5248,4920.6028:19706.4011,4923.6505:19769.7660,4911.6224:19517.5510,4912.1611:19385.0462,
DATA,.2500,32,1024,1190.8708:4793.3977,1194.8994:4766.4758,1206.9376:4821.8679,1210.4455:4806.5756,1204.6468:4800.2651,
DATA,.2500,64,1024,1876.2965:7530.3211,1885.2638:7474.5729,1869.6563:7565.5077,1897.5469:7589.6772,1903.7179:7656.1710,
DATA,.2500,128,1024,2796.1965:11234.0831,2789.8327:11172.1390,2797.1846:11164.5198,2855.6942:11322.3882,2824.6918:11222.0876,
DATA,.2500,256,1024,3482.6060:13857.1366,3561.6107:14150.1342,3607.4328:14341.6878,3487.4069:13967.9290,3532.2476:14194.9522,
DATA,.2500,512,1024,3934.7236:15612.8708,3846.9377:15465.5686,3879.5673:15473.4853,3905.2990:15622.6926,3898.9313:15640.9073,
DATA,.2500,1024,1024,4372.6376:17605.3996,4323.3088:17317.7565,4332.1593:17426.9009,4332.4149:17472.3293,4327.6588:17339.7694,
DATA,.2500,2048,1024,4654.2559:18587.6872,4539.5308:18351.6950,4561.1646:18188.0337,4548.2015:17993.4807,4545.2436:18046.8516,
DATA,.2500,32,2048,1165.9494:4676.9397,1159.2025:4609.5515,1170.2542:4641.0592,1158.1466:4662.4118,1165.3796:4655.4014,
DATA,.2500,64,2048,1788.7889:7116.4039,1774.3640:7086.5864,1737.6921:6986.5360,1810.5050:7214.9181,1810.2920:7301.7263,
DATA,.2500,128,2048,2567.0040:10323.0137,2535.0330:10251.2815,2519.0769:10127.7625,2591.6301:10385.8438,2498.2498:9949.3387,
DATA,.2500,256,2048,3069.0243:12298.7659,3032.9289:12142.4062,3044.4057:12222.3363,3023.4507:12153.8971,2986.5724:11888.5815,
DATA,.2500,512,2048,3458.8178:13763.0543,3408.4455:13619.6798,3422.0700:13550.4323,3378.2938:13474.3013,3325.0548:13274.2596,
DATA,.2500,1024,2048,3835.9753:15306.8661,3817.4759:15154.3070,3809.3104:15127.4555,3811.3436:15256.1366,3819.7293:15017.5727,
DATA,.2500,2048,2048,4062.9199:16196.4441,3988.1102:15764.0316,4000.0823:15928.7644,3966.1885:15779.6943,3988.9111:16026.3424,
DATA,.2500,32,4096,1036.4382:4181.6233,1027.8357:4100.0589,1011.2350:4058.4961,1052.5051:4158.1700,1007.1013:3995.8829,
DATA,.2500,64,4096,1349.5368:5384.6191,1465.3890:5863.3628,1459.5376:5809.3886,1503.2772:5983.8865,1524.8365:6157.6756,
DATA,.2500,128,4096,2134.1838:8484.8808,2087.4181:8326.1840,2090.0686:8376.4422,2061.3297:8286.1225,2144.1955:8619.4846,
DATA,.2500,256,4096,2372.1398:9411.4808,2316.8486:9244.7016,2316.9719:9263.4489,2363.7012:9463.3353,2333.5664:9398.2815,
DATA,.2500,512,4096,2797.1168:11112.1340,2799.7303:11118.0896,2779.8602:11150.0085,2785.5841:11184.8885,2776.1233:11105.3487,
DATA,.2500,1024,4096,3170.2905:12603.6713,3149.4408:12595.8466,3142.6066:12526.3387,3153.5138:12517.7431,3144.6997:12620.8379,
DATA,.2500,2048,4096,3314.6421:13320.1119,3293.1171:13192.2039,3257.3120:13114.7500,3283.8461:13063.8833,3262.4875:13041.5694,
DATA,.2500,32,8192,810.9462:3233.1674,799.5267:3211.6419,825.1359:3294.1559,863.1212:3453.9907,795.8496:3178.4256,
DATA,.2500,64,8192,1132.1192:4502.2938,1127.6347:4540.7041,1051.6177:4238.7284,1034.9115:4162.6387,1039.6787:4169.1181,
DATA,.2500,128,8192,1377.9770:5480.3200,1350.4758:5393.1102,1355.8963:5387.9926,1335.7778:5360.8297,1340.7853:5344.5687,
DATA,.2500,256,8192,1775.4489:7050.6841,1777.0601:7063.6943,1773.0832:7097.7293,1782.9565:7072.5660,1776.9832:7163.6937,
DATA,.2500,512,8192,2086.8014:8375.2661,2083.7159:8396.9985,2104.4430:8372.2263,2100.8440:8375.8196,2087.9925:8300.3165,
DATA,.2500,1024,8192,2250.8458:9035.6075,2122.1066:8515.8133,2257.2990:9026.2611,2260.0910:8971.6134,2262.6660:9049.2570,
DATA,.2500,2048,8192,2295.3654:9137.0965,2310.5629:9243.6078,2293.6917:9214.5717,2299.5841:9090.7371,2289.0473:9151.3749,
DATA,.2500,32,16384,568.2153:2269.3844,521.9438:2087.9052,565.5367:2269.7999,555.1215:2235.4143,577.9428:2309.2434,
DATA,.2500,64,16384,713.4230:2870.4385,715.8634:2848.5632,713.8053:2838.1674,718.6893:2844.9093,710.9574:2859.9847,
DATA,.2500,128,16384,956.9254:3820.3947,958.5128:3807.5842,956.1838:3800.3501,954.6469:3817.2584,953.2052:3807.0944,
DATA,.2500,256,16384,1133.0953:4522.4264,1093.1036:4330.0716,1128.8417:4499.8154,1129.2050:4534.3180,1125.9966:4491.4007,
DATA,.2500,512,16384,1272.2601:5055.6712,1264.5939:5021.9159,1271.5670:5102.3167,1267.1798:5090.5645,1272.8758:5077.3668,
DATA,.2500,1024,16384,1277.0374:5201.2423,1281.4430:5147.6332,1282.3894:5174.6426,1287.3094:5185.1849,1287.1859:5152.2245,
DATA,.2500,2048,16384,1314.6204:5238.0400,1314.9910:5324.2228,1319.5333:5259.8907,1319.2515:5277.6647,1307.0115:5277.0786,
DATA,.5000,32,256,1897.8610:3818.1534,1898.1687:3795.4505,1866.6738:3719.9868,1927.5429:3841.1219,1916.8665:3832.0109,
DATA,.5000,64,256,2737.5666:5464.9528,2720.9435:5432.8689,2733.2532:5482.7211,2701.3533:5422.3926,2739.5531:5504.5549,
DATA,.5000,128,256,4023.4099:7931.7649,3993.6437:7974.0478,3989.2762:7982.0130,4007.2984:7999.8931,4059.9290:8089.1017,
DATA,.5000,256,256,5007.9098:9991.3369,5001.0394:10038.5085,4980.4984:9973.9351,5024.8012:10085.5186,5032.3241:10026.5198,
DATA,.5000,512,256,5631.5666:11316.4527,5576.7478:11206.7838,5529.5301:11105.9044,5581.6721:11185.5240,5623.6420:11138.5493,
DATA,.5000,1024,256,5762.4819:11477.3393,5712.4560:11443.1347,5750.3871:11427.6592,5739.7034:11466.7108,5685.5531:11341.3860,
DATA,.5000,2048,256,5730.7893:11474.7920,5610.1846:11248.0356,5605.0538:11250.1366,5605.6306:11341.7767,5607.4340:11218.9265,
DATA,.5000,32,512,1804.8465:3626.8548,1820.7936:3626.2792,1816.9238:3622.5572,1805.9140:3626.8708,1815.4073:3635.4450,
DATA,.5000,64,512,2733.6341:5444.9015,2717.9589:5452.5235,2700.6598:5411.4833,2729.2913:5435.2547,2740.7237:5478.5518,
DATA,.5000,128,512,3957.8348:7901.5109,3883.6291:7781.3036,3973.0181:8006.0308,3898.6289:7881.3749,3977.9904:7981.5985,
DATA,.5000,256,512,4590.8454:9184.2459,4566.0910:9129.8916,4501.0289:9006.6464,4460.2813:8908.6418,4637.2477:9212.4238,
DATA,.5000,512,512,5168.9456:10340.7194,5210.6923:10360.9672,5163.0104:10406.4022,5143.6838:10264.1621,5184.6179:10315.9756,
DATA,.5000,1024,512,5426.1723:10863.3888,5327.6812:10805.2725,5381.0981:10742.3863,5410.4042:10721.8178,5371.9531:10693.5935,
DATA,.5000,2048,512,5436.7443:10936.5086,5357.8310:10669.1915,5331.5623:10616.5046,5335.2348:10648.4137,5330.9557:10505.9885,
DATA,.5000,32,1024,1804.3939:3606.4841,1811.4110:3640.4535,1796.9352:3600.1540,1808.0328:3601.9154,1803.4689:3591.8549,
DATA,.5000,64,1024,2464.6944:4946.0058,2464.7519:4952.4755,2446.2634:4915.7721,2448.5771:4879.9487,2471.0227:4978.0851,
DATA,.5000,128,1024,3718.8635:7358.6725,3695.2637:7421.0499,3700.5862:7427.9155,3724.1488:7460.6889,3734.9529:7480.0310,
DATA,.5000,256,1024,4320.9036:8612.9848,4294.7077:8536.8586,4302.2088:8646.2919,4302.9484:8606.4218,4318.6774:8655.8469,
DATA,.5000,512,1024,4811.9986:9638.6313,4793.4451:9507.5028,4799.3106:9554.7432,4665.2335:9394.3095,4774.6576:9628.0570,
DATA,.5000,1024,1024,5113.6230:10217.7773,5071.9478:10216.7018,5027.4876:10036.3464,5016.1615:10021.6428,5054.5955:10114.6586,
DATA,.5000,2048,1024,5025.3062:9999.9847,4989.6319:9942.3872,4940.8079:9866.1726,4906.5646:9811.1284,4914.5420:9820.0261,
DATA,.5000,32,2048,1737.4887:3480.0349,1684.3353:3408.9034,1723.6499:3461.8161,1705.6982:3417.3627,1720.6298:3463.7055,
DATA,.5000,64,2048,2409.1352:4838.8845,2358.6697:4714.2208,2397.3398:4763.2701,2415.3067:4814.5002,2419.9885:4794.4811,
DATA,.5000,128,2048,3367.2279:6754.8400,3329.7281:6662.5013,3253.1169:6501.4425,3322.4373:6617.4756,3243.8208:6490.0216,
DATA,.5000,256,2048,3766.0565:7533.9613,3745.0318:7440.1236,3771.4925:7526.7311,3752.9331:7488.9744,3499.8338:6989.2835,
DATA,.5000,512,2048,4109.0775:8213.9316,4064.0965:8127.1507,4075.5440:8210.2911,4053.3365:8144.9517,4074.5669:8158.3695,
DATA,.5000,1024,2048,4327.0665:8574.1239,4278.8283:8529.1609,4299.3399:8605.2502,4296.9380:8594.2746,4315.1680:8579.2396,
DATA,.5000,2048,2048,4462.7877:8889.0840,4405.6764:8776.9841,4402.3202:8798.0508,4379.9295:8793.7133,4398.0084:8782.5071,
DATA,.5000,32,4096,1510.5919:3000.9240,1447.5417:2897.9921,1471.6239:2942.4941,1376.4670:2779.1545,1474.8537:2954.8653,
DATA,.5000,64,4096,1965.2058:3978.5040,1934.3829:3853.5620,1966.8816:3930.8026,1978.8245:3948.6116,1952.6923:3922.0923,
DATA,.5000,128,4096,2328.6327:4662.3316,2362.8152:4670.2857,2575.0487:5139.0248,2332.4607:4651.0396,2323.1119:4684.4231,
DATA,.5000,256,4096,2844.4738:5708.0659,2855.8482:5687.9750,2839.8103:5726.0168,2822.8791:5690.1628,2848.6154:5702.5694,
DATA,.5000,512,4096,3297.9470:6557.7732,3207.7476:6411.2135,3260.5953:6546.3586,3261.0155:6548.2495,3266.3770:6538.2501,
DATA,.5000,1024,4096,3582.2327:7191.3952,3543.8337:7069.7769,3505.6954:7055.2926,3541.0553:7046.5058,3565.0478:7083.7961,
DATA,.5000,2048,4096,3624.1617:7278.8456,3603.3278:7189.2671,3601.7614:7227.6263,3597.0049:7169.2654,3593.4296:7168.5336,
DATA,.5000,32,8192,1067.5033:2135.8057,1150.8991:2304.2668,1010.8611:2026.3526,1016.5005:2027.0041,1022.1496:2033.5832,
DATA,.5000,64,8192,1288.5950:2576.7022,1271.5208:2530.2977,1266.2691:2530.2947,1266.8054:2538.0399,1270.8407:2534.4101,
DATA,.5000,128,8192,1798.4538:3599.2128,1770.4471:3551.7033,1756.0607:3499.2923,1728.0779:3464.8440,1768.5072:3537.1370,
DATA,.5000,256,8192,2126.8013:4221.9763,2115.9640:4212.1968,2114.8458:4225.9819,2104.5621:4218.1069,2106.3205:4194.2815,
DATA,.5000,512,8192,2417.7505:4810.4752,2410.8920:4807.1772,2396.0741:4805.2210,2396.0029:4777.0401,2400.5212:4787.0034,
DATA,.5000,1024,8192,2524.6952:5053.8827,2522.1426:5113.6666,2518.1183:5037.7830,2533.4048:5049.1133,2525.7978:5049.9562,
DATA,.5000,2048,8192,2527.4849:5063.6021,2540.7426:5069.4171,2547.1518:5117.0697,2522.9853:5032.2711,2531.5667:5091.3236,
DATA,.5000,32,16384,660.2846:1325.5035,664.4069:1321.5347,672.7554:1359.0320,661.2480:1325.6749,664.8951:1324.5276,
DATA,.5000,64,16384,883.9900:1768.1227,866.6797:1739.4045,870.7150:1733.8297,875.2872:1766.5284,873.6510:1756.0440,
DATA,.5000,128,16384,1148.2804:2295.2482,1151.9290:2289.4861,1141.6437:2275.3703,1143.7208:2286.0847,1142.9774:2280.6459,
DATA,.5000,256,16384,1321.0956:2618.5151,1319.0500:2612.3493,1318.0384:2637.0389,1239.1395:2451.5706,1315.2011:2649.6994,
DATA,.5000,512,16384,1408.8591:2826.0083,1400.8545:2807.4930,1401.8361:2812.8374,1402.5297:2786.7047,1400.7349:2790.5124,
DATA,.5000,1024,16384,1442.2862:2898.5329,1436.0200:2868.8630,1440.9278:2897.6104,1446.2585:2879.2379,1442.6005:2905.1026,
DATA,.5000,2048,16384,1461.7998:2911.6059,1466.1240:2937.9643,1461.7853:2928.7191,1471.1844:2962.3644,1462.0909:2935.6453,
DATA,2.0000,32,256,3808.7232:1892.5716,3772.0207:1890.0093,3795.2314:1900.4914,3771.2560:1878.3919,3792.2703:1894.3569,
DATA,2.0000,64,256,4431.6048:2223.8995,4423.6619:2217.5219,4419.0479:2206.2551,4444.4924:2218.7526,4415.7945:2215.6159,
DATA,2.0000,128,256,5267.8468:2638.7236,5142.9626:2561.3636,5164.8968:2612.6165,5183.8688:2583.9061,5179.2252:2562.4366,
DATA,2.0000,256,256,6061.7474:3003.3966,6029.2341:2997.8506,6035.0369:3003.0727,6029.3667:2985.1559,6051.3432:3028.9863,
DATA,2.0000,512,256,6665.9016:3319.1563,6565.4957:3305.7061,6641.1346:3318.4490,6573.5992:3282.5913,6582.8803:3300.3052,
DATA,2.0000,1024,256,6372.9386:3174.8678,6285.0421:3132.0564,6305.7217:3169.2315,6284.9778:3139.9918,6272.9124:3126.7876,
DATA,2.0000,2048,256,6499.6151:3255.4337,6442.2452:3219.1101,6420.8338:3206.5380,6408.8039:3194.9864,6414.6210:3176.7860,
DATA,2.0000,32,512,3653.2672:1814.5069,3588.5147:1800.2911,3605.4616:1792.8638,3628.6037:1805.8348,3621.2251:1811.4389,
DATA,2.0000,64,512,4058.4395:2016.2449,4025.2683:2005.4056,4026.0689:2010.9105,4002.2447:2001.9645,4030.2417:2026.4352,
DATA,2.0000,128,512,5196.7637:2612.9148,5214.3056:2606.0254,5147.1793:2574.4682,5146.4073:2562.1523,5207.7392:2594.3920,
DATA,2.0000,256,512,5722.7241:2836.9983,5736.4485:2867.2132,5669.0802:2826.5732,5686.9594:2826.0435,5690.9059:2869.0558,
DATA,2.0000,512,512,6199.9161:3079.5755,6094.6213:3056.9340,6139.6996:3096.4143,6103.5840:3026.3957,6090.5047:3051.3146,
DATA,2.0000,1024,512,6323.4530:3170.0001,6293.5324:3150.6079,6225.1820:3143.9162,6129.3090:3040.6940,6250.2057:3138.3566,
DATA,2.0000,2048,512,6155.6755:3077.5165,6191.7090:3075.7386,6146.4856:3093.2671,6080.3169:3038.2426,6144.9984:3052.2738,
DATA,2.0000,32,1024,3439.6926:1722.9551,3385.3292:1681.3136,3249.5943:1625.6852,3269.3302:1636.2213,3287.4405:1640.3311,
DATA,2.0000,64,1024,3788.2331:1929.1365,3879.3441:1953.3693,3860.9110:1932.1144,3870.0598:1942.0556,3860.9578:1923.7808,
DATA,2.0000,128,1024,4765.6505:2383.2578,4691.5638:2341.7654,4625.0713:2317.4853,4593.9861:2294.3150,4653.9752:2331.5397,
DATA,2.0000,256,1024,5291.8301:2636.7925,5285.4932:2640.7186,5227.7724:2608.1397,5285.7890:2647.5079,5295.2929:2638.2761,
DATA,2.0000,512,1024,5688.5018:2830.4159,5630.7270:2790.3680,5626.7725:2829.7258,5677.1034:2830.5120,5664.2793:2839.0151,
DATA,2.0000,1024,1024,5674.2109:2847.0603,5644.6849:2793.5186,5598.1621:2818.8075,5627.6222:2819.4272,5632.1597:2827.0056,
DATA,2.0000,2048,1024,5645.4285:2824.3883,5580.5781:2804.0998,5572.0100:2811.1719,5570.3595:2790.7248,5565.7313:2793.0815,
DATA,2.0000,32,2048,3081.8171:1537.2131,3064.3572:1536.8819,3018.6117:1521.2665,2974.1341:1494.3488,3002.0118:1506.8996,
DATA,2.0000,64,2048,3469.1478:1726.6329,3464.3372:1732.9180,3454.6223:1711.8511,3399.2935:1698.0083,3417.4595:1704.6238,
DATA,2.0000,128,2048,4211.7159:2119.0132,4247.0219:2123.7464,4185.1601:2081.4494,4191.4321:2107.3458,4198.4843:2104.6874,
DATA,2.0000,256,2048,4187.8374:2102.0249,4184.3984:2093.8769,4191.3700:2104.8310,4177.3196:2076.7356,4185.1595:2079.5102,
DATA,2.0000,512,2048,4891.3515:2439.0505,4913.9205:2462.4064,4900.8451:2437.9050,4909.8400:2481.6914,4947.7122:2480.4705,
DATA,2.0000,1024,2048,4933.0259:2458.5259,4871.1742:2446.0059,4899.8734:2431.4691,4874.2300:2440.8026,4905.6896:2464.9496,
DATA,2.0000,2048,2048,4846.8598:2422.8737,4879.1169:2433.9330,4833.3495:2428.0590,4862.3618:2414.7894,4806.6693:2402.2994,
DATA,2.0000,32,4096,2356.5500:1186.0408,2292.7848:1144.8000,2297.5097:1149.8227,2302.4525:1161.5481,2330.1465:1172.1211,
DATA,2.0000,64,4096,2756.7766:1376.0387,2727.8984:1354.1909,2722.4817:1354.8281,2737.6252:1377.8646,2701.1815:1348.2597,
DATA,2.0000,128,4096,3093.9424:1558.5649,3008.7469:1506.6511,2975.7780:1479.8587,3083.8651:1543.8116,2975.2177:1500.9096,
DATA,2.0000,256,4096,3421.3933:1713.0809,3420.2860:1711.8726,3395.3211:1687.5864,3394.6242:1706.7975,3411.3238:1703.7746,
DATA,2.0000,512,4096,3841.1500:1919.6019,3801.5938:1903.6408,3786.7005:1885.4760,3802.0103:1906.4420,3806.5267:1899.0055,
DATA,2.0000,1024,4096,3796.8979:1905.2574,3780.9283:1905.9253,3774.2191:1899.7913,3770.1023:1876.0617,3783.0161:1892.5078,
DATA,2.0000,2048,4096,3890.8446:1960.7698,3883.4042:1932.9223,3887.3264:1928.2698,3878.3010:1932.8757,3890.6042:1945.6790,
DATA,2.0000,32,8192,1592.6022:795.8409,1575.1611:790.9581,1565.9324:786.3591,1583.4182:787.8909,1576.1262:788.1749,
DATA,2.0000,64,8192,1779.0709:889.9608,1736.5287:865.9282,1766.5647:887.6671,1746.3156:872.2798,1725.6282:867.8763,
DATA,2.0000,128,8192,2102.8239:1045.1844,2092.5806:1048.0385,2119.2968:1056.9611,2125.3323:1060.5906,2089.2662:1046.4976,
DATA,2.0000,256,8192,2450.4459:1217.9351,2435.3999:1216.2197,2447.2041:1224.0426,2420.1437:1210.1505,2426.6139:1213.9057,
DATA,2.0000,512,8192,2660.0938:1337.9543,2656.1647:1345.1908,2668.8207:1330.2227,2654.8214:1328.6617,2667.7674:1335.3633,
DATA,2.0000,1024,8192,2759.6194:1378.3715,2747.8042:1378.9163,2740.8092:1371.0762,2754.0542:1382.6306,2753.6070:1375.3718,
DATA,2.0000,2048,8192,2736.5637:1369.0202,2727.8092:1353.5151,2724.4672:1357.7923,2735.7801:1374.6362,2732.9829:1381.9667,
DATA,2.0000,32,16384,1025.9140:513.9770,1015.2326:503.7238,1014.7908:505.7797,1011.2669:509.6294,1014.4635:506.3686,
DATA,2.0000,64,16384,1153.1213:574.3490,1140.3364:570.8903,1146.7227:572.4497,1138.5538:561.5411,1131.8741:565.5591,
DATA,2.0000,128,16384,1339.2991:669.9248,1329.2439:668.8067,1329.6125:662.2557,1320.4488:660.8081,1332.1251:663.2228,
DATA,2.0000,256,16384,1464.7360:728.4568,1449.8709:726.0319,1443.8226:722.2550,1445.1156:727.0082,1441.7642:724.4106,
DATA,2.0000,512,16384,1536.7778:765.0038,1535.3117:763.6703,1530.2336:766.3854,1527.3566:770.0672,1530.5181:763.9123,
DATA,2.0000,1024,16384,1541.1417:769.1582,1549.8618:773.3025,1545.1137:767.2595,1540.7288:771.3614,1539.1750:768.9339,
DATA,2.0000,2048,16384,1546.1261:770.9077,1567.4076:777.1951,1554.4710:787.7050,1557.6269:779.9869,1556.5693:778.3202,
DATA,4.0000,32,256,4471.5691:1114.9933,4427.5337:1107.8842,4416.6282:1104.3629,4437.4629:1115.5076,4434.5509:1099.3995,
DATA,4.0000,64,256,5178.2397:1283.2885,5134.5180:1288.8421,5146.8851:1296.1718,5149.1035:1288.3172,5033.5373:1261.4901,
DATA,4.0000,128,256,5641.2026:1414.0881,5584.0279:1389.4203,5575.9618:1401.3944,5573.6437:1400.2852,5615.3798:1396.7842,
DATA,4.0000,256,256,6489.5887:1619.6144,6472.8586:1602.9242,6347.5644:1593.8228,6370.4442:1595.1250,6360.6893:1597.7599,
DATA,4.0000,512,256,6619.6875:1669.7844,6495.3612:1646.9299,6515.4091:1635.2551,6510.2909:1636.2564,6515.7314:1604.9128,
DATA,4.0000,1024,256,6831.9082:1704.0199,6872.8164:1719.2229,6866.7704:1728.1744,6851.5649:1720.0919,6789.2296:1689.3039,
DATA,4.0000,2048,256,6603.5973:1634.0959,6549.4494:1635.9078,6511.6396:1635.1659,6510.5657:1637.5755,6545.2566:1639.1475,
DATA,4.0000,32,512,4349.7733:1091.2170,4348.9164:1085.9032,4357.9452:1085.9804,4333.0045:1084.6043,4319.2369:1083.9622,
DATA,4.0000,64,512,5020.6483:1247.0110,4922.3416:1232.2361,4947.0563:1227.9529,4966.9193:1235.0194,4948.8044:1240.5660,
DATA,4.0000,128,512,5452.9542:1354.8477,5354.0250:1337.9480,5385.2570:1337.3558,5381.2957:1336.2928,5401.3459:1365.6424,
DATA,4.0000,256,512,6012.8346:1491.4853,6021.6139:1501.5647,6019.3949:1514.2049,5989.9312:1492.2731,6002.2142:1491.8999,
DATA,4.0000,512,512,6385.4271:1591.7246,6311.2818:1567.6320,6329.3677:1587.1352,6338.4441:1587.4958,6311.9700:1579.1150,
DATA,4.0000,1024,512,6269.7285:1557.0699,6209.3814:1549.7616,6219.5150:1552.0422,6201.9124:1556.3005,6219.8402:1538.8757,
DATA,4.0000,2048,512,6275.9916:1557.7644,6123.1060:1525.2613,6198.1428:1534.8251,6234.5594:1549.0851,6249.3038:1563.2120,
DATA,4.0000,32,1024,4100.5304:1027.1333,4094.4885:1021.5748,4078.8582:1021.3387,4057.6647:1016.2860,4066.7228:1016.8701,
DATA,4.0000,64,1024,4423.7175:1108.3824,4400.7302:1107.1335,4372.7532:1091.8882,4282.8087:1079.3801,4425.1967:1095.0486,
DATA,4.0000,128,1024,5018.5068:1260.7030,4983.9045:1245.6996,5001.6452:1240.6909,5001.8773:1252.2217,5097.9121:1266.4753,
DATA,4.0000,256,1024,5665.3556:1419.9050,5661.4146:1416.9330,5625.3323:1398.6276,5577.7422:1396.6346,5631.7972:1412.2138,
DATA,4.0000,512,1024,5894.6566:1471.2611,5876.7256:1458.0635,5869.6469:1474.3118,5836.4456:1469.7794,5822.9805:1460.4345,
DATA,4.0000,1024,1024,6059.6166:1502.8070,6018.1324:1509.8053,6012.2676:1492.0448,5992.2384:1508.6294,5954.9224:1474.5997,
DATA,4.0000,2048,1024,5819.4441:1463.9702,5772.1237:1440.6350,5762.7428:1436.4143,5816.1835:1466.4722,5756.1657:1444.3923,
DATA,4.0000,32,2048,3381.7873:845.5518,3298.5581:823.5569,3300.9960:834.5274,3311.6973:824.6664,3284.9210:826.5233,
DATA,4.0000,64,2048,3880.4013:963.6797,3897.0659:968.8777,3770.1800:940.3904,3782.0436:940.3431,3793.2052:945.8999,
DATA,4.0000,128,2048,4407.1382:1097.4807,4359.4839:1093.1713,4334.8475:1082.6572,4355.4718:1089.9876,4314.6592:1087.8466,
DATA,4.0000,256,2048,4848.4427:1203.4306,4420.8001:1096.1605,4830.9524:1206.3948,4811.5248:1204.1797,4835.0971:1194.3197,
DATA,4.0000,512,2048,4943.3649:1229.4865,4966.3597:1243.4878,4976.9495:1242.4402,4971.4856:1229.5470,4815.2881:1188.5859,
DATA,4.0000,1024,2048,5064.4106:1259.6008,4985.0894:1249.0131,5008.8822:1249.3934,5037.2566:1248.4237,5034.5249:1245.1593,
DATA,4.0000,2048,2048,5194.6781:1293.7373,5140.7632:1283.0689,5172.8509:1288.2813,5117.9829:1279.1784,5155.4035:1281.9518,
DATA,4.0000,32,4096,2614.5662:653.8454,2529.0388:638.3963,2577.4387:648.6743,2560.9617:645.8914,2567.7985:642.9729,
DATA,4.0000,64,4096,2869.7268:720.7294,2842.9853:711.3008,2862.4267:719.6094,2866.0678:720.8420,2828.3439:708.8520,
DATA,4.0000,128,4096,3316.7511:825.6130,3324.9232:834.1147,3234.4141:811.1060,3291.7586:820.6245,3262.0650:822.4316,
DATA,4.0000,256,4096,3576.9300:897.2157,3556.2862:892.0969,3560.3340:891.3835,3541.2757:894.1817,3543.3781:881.3333,
DATA,4.0000,512,4096,3864.3936:966.8357,3830.9125:961.5137,3837.0149:965.0808,3836.7708:956.1688,3811.8549:961.8016,
DATA,4.0000,1024,4096,3929.0916:989.5223,3903.7380:974.0755,3912.4919:977.4942,3897.9329:970.4598,3882.2002:972.0065,
DATA,4.0000,2048,4096,3919.0534:990.9239,3929.1212:988.4891,3902.9100:964.5499,3896.0617:970.6317,3877.0977:967.9120,
DATA,4.0000,32,8192,1869.9642:466.6728,1895.9233:472.0565,1881.4272:472.2395,1869.0315:468.2364,1860.0020:463.8978,
DATA,4.0000,64,8192,2062.3504:513.6232,2051.5349:515.6744,2021.8094:503.0362,1993.5991:497.8693,2002.0306:497.3049,
DATA,4.0000,128,8192,2281.1464:574.9976,2268.2510:567.3452,2285.0487:569.4234,2282.9822:571.8865,2275.0111:562.5438,
DATA,4.0000,256,8192,2521.7835:628.6108,2512.8909:624.9429,2509.7249:631.5318,2510.1123:628.8559,2523.2699:633.2594,
DATA,4.0000,512,8192,2661.6017:663.4156,2675.1353:670.4709,2673.2978:669.3161,2668.6324:666.9384,2664.5132:669.3480,
DATA,4.0000,1024,8192,2757.7590:688.3460,2748.8799:686.3695,2760.2269:691.8502,2745.5073:682.0339,2765.4426:691.2168,
DATA,4.0000,2048,8192,2769.9635:702.5284,2783.8823:702.6250,2789.6080:695.7379,2802.0261:691.1066,2781.9196:697.4924,
DATA,4.0000,32,16384,1188.6018:295.6289,1172.3167:295.3172,1165.6406:290.7820,1176.7576:296.0579,1167.0709:292.4518,
DATA,4.0000,64,16384,1285.5682:320.9599,1279.4806:317.4340,1278.1865:319.2867,1274.9005:317.6700,1278.4015:321.0898,
DATA,4.0000,128,16384,1384.0208:347.6605,1396.5351:349.0352,1376.6947:343.1949,1389.5646:346.0021,1388.3025:345.7962,
DATA,4.0000,256,16384,1479.2331:370.6398,1488.8063:375.3344,1482.5197:368.8010,1481.9649:369.9807,1481.8681:374.2827,
DATA,4.0000,512,16384,1544.5962:387.0643,1545.9488:384.7077,1542.1654:385.6961,1542.8092:385.4816,1539.6264:385.1560,
DATA,4.0000,1024,16384,1575.1167:395.4106,1572.7924:392.1355,1573.2271:392.9930,1569.6459:396.1782,1574.4922:396.3260,
DATA,4.0000,2048,16384,1592.0750:398.6927,1581.0774:393.5676,1593.2012:395.2692,1596.6049:401.5500,1594.9453:402.7088,
DATA,8.0000,32,256,5324.2718:675.6844,5267.6206:665.1859,5290.2293:658.5269,5289.1442:660.8002,5302.5856:664.9294,
DATA,8.0000,64,256,5578.6240:690.9357,5536.8751:683.8712,5521.3014:688.6476,5535.6277:700.9208,5557.2999:685.1030,
DATA,8.0000,128,256,6228.2583:780.6086,6156.3486:780.8877,6136.2178:771.9127,6153.6079:768.6428,6163.4578:768.0364,
DATA,8.0000,256,256,6472.7131:806.6467,6417.2843:804.9004,6300.8914:781.4552,6266.9727:784.3512,6422.1288:798.9293,
DATA,8.0000,512,256,6928.4614:862.2102,6803.5089:852.2010,6778.8675:840.0375,6758.8724:842.1177,6780.6865:851.8820,
DATA,8.0000,1024,256,7058.9195:889.1018,6970.5601:872.4910,6924.1553:873.3563,6963.1741:878.4565,6965.9972:872.3371,
DATA,8.0000,2048,256,6693.0469:841.4499,6589.9952:819.1334,6594.2377:825.5220,6595.0955:828.0899,6600.0831:817.2451,
DATA,8.0000,32,512,5187.2250:650.8581,5161.9002:648.0397,5151.5375:636.3811,5117.0534:639.6554,5149.2911:640.7877,
DATA,8.0000,64,512,5485.0151:686.4856,5408.5236:677.4943,5445.2397:680.1634,5383.5762:673.6196,5432.9272:675.1893,
DATA,8.0000,128,512,5783.1122:731.4861,5744.1994:725.3648,5780.0274:723.4422,5752.7953:717.0847,5784.7976:721.2573,
DATA,8.0000,256,512,6279.6929:781.2520,6227.5062:791.9977,6249.4686:782.4291,6245.6803:780.9315,6259.4839:791.6953,
DATA,8.0000,512,512,6488.9836:815.9405,6400.6106:800.8837,6448.6654:807.2317,6446.2427:801.3748,6468.0189:812.4840,
DATA,8.0000,1024,512,6443.1522:812.1028,6365.9634:801.1764,6366.8108:802.5367,6327.0092:795.9536,6350.9679:795.4233,
DATA,8.0000,2048,512,6325.5120:793.2572,6216.3136:786.1306,6226.7193:772.1976,6246.0591:779.8791,6217.2523:782.8254,
DATA,8.0000,32,1024,4735.7936:598.3881,4654.2735:587.2018,4686.1073:582.8518,4678.7834:587.2995,4696.0129:584.1133,
DATA,8.0000,64,1024,5071.1546:632.0234,5077.6908:638.5935,5082.1706:637.7062,5065.6510:624.6834,5081.8823:633.8122,
DATA,8.0000,128,1024,5624.8432:699.8233,5531.6930:701.2311,5560.3487:694.4347,5594.4696:696.2198,5579.7121:694.7669,
DATA,8.0000,256,1024,5931.3666:736.7936,5896.2316:737.4603,5867.2783:741.7914,5880.2319:733.8944,5873.8729:743.5575,
DATA,8.0000,512,1024,6063.6630:751.4450,6004.6566:755.7916,5971.3660:745.7139,6010.4187:752.1505,5995.8757:745.5228,
DATA,8.0000,1024,1024,5905.7849:736.1487,5845.7592:733.2274,5855.6775:729.7378,5846.2270:733.1367,5837.2764:733.3574,
DATA,8.0000,2048,1024,5902.8920:736.8676,5851.7639:738.4762,5837.2891:726.1553,5827.8417:722.1743,5838.6626:728.2129,
DATA,8.0000,32,2048,4238.1341:530.9945,4160.0717:522.2413,4188.6222:521.4255,4008.5404:497.3610,4116.6091:517.3068,
DATA,8.0000,64,2048,4429.9043:552.1607,4445.9852:551.0991,4359.0483:547.9929,4358.5455:542.7433,4489.4070:560.6841,
DATA,8.0000,128,2048,4721.7829:593.1753,4800.7794:600.3011,4783.9004:596.8890,4384.8373:551.0671,4731.7914:586.3802,
DATA,8.0000,256,2048,4990.0338:628.5699,4982.4738:623.7127,4978.5093:621.5760,4981.2117:624.6257,4980.0133:624.8559,
DATA,8.0000,512,2048,5058.6426:638.8502,5002.0891:633.2252,5048.7349:635.7712,5014.5400:621.4345,4999.9641:623.0926,
DATA,8.0000,1024,2048,5220.0024:655.8384,5174.2501:647.9912,5183.9952:652.3880,5190.2140:654.6898,5228.6107:656.4199,
DATA,8.0000,2048,2048,5074.0395:632.2697,5086.7278:638.9408,5043.4435:639.0976,5064.1949:624.6109,5070.6125:636.6904,
DATA,8.0000,32,4096,3268.6889:409.0159,3262.4936:408.1784,3208.6959:398.5255,3221.5812:401.4702,3190.9117:407.8065,
DATA,8.0000,64,4096,3160.8971:400.4022,3184.1954:396.7481,3141.7232:391.8541,3153.3683:395.0825,3149.7556:393.6146,
DATA,8.0000,128,4096,3434.2993:425.5688,3432.5692:421.4127,3426.5466:434.1100,3430.5478:427.7486,3412.0364:423.0474,
DATA,8.0000,256,4096,3707.4343:465.1811,3692.8374:462.6721,3704.6115:464.8974,3686.7660:465.4406,3709.5173:460.6313,
DATA,8.0000,512,4096,3949.0266:493.3619,3923.5832:484.4053,3912.4588:489.5655,3931.6548:494.3554,3906.3147:488.0761,
DATA,8.0000,1024,4096,4041.6485:500.5304,4037.0382:502.0494,4009.1927:505.4386,4019.9677:504.2058,4019.2261:498.3104,
DATA,8.0000,2048,4096,4003.5975:497.1677,3989.0606:500.2881,3997.9852:504.4222,3982.5684:497.7775,3971.5771:495.1835,
DATA,8.0000,32,8192,2133.8205:265.2265,2122.5042:266.5865,2120.5683:265.7525,2138.7369:267.7178,2136.2470:261.9825,
DATA,8.0000,64,8192,2250.4715:282.3305,2226.3843:278.4214,2217.1373:275.7785,2229.2665:279.2616,2219.0587:276.0455,
DATA,8.0000,128,8192,2440.7985:305.6983,2444.7054:304.9039,2438.7740:305.7691,2429.0731:300.5133,2430.5395:306.0285,
DATA,8.0000,256,8192,2570.0094:322.7405,2565.9764:323.5367,2581.7997:317.4832,2556.0602:318.1934,2561.8930:321.3173,
DATA,8.0000,512,8192,2726.7896:338.9961,2673.4507:335.4926,2666.8300:335.8445,2664.0301:334.8170,2672.6639:337.3590,
DATA,8.0000,1024,8192,2813.3793:351.4645,2824.8792:359.8861,2810.1813:348.0257,2810.3430:355.3397,2757.8654:348.1277,
DATA,8.0000,2048,8192,2806.7462:352.7798,2814.1101:350.5691,2805.4213:351.2245,2811.5851:355.1691,2802.7957:354.4773,
DATA,8.0000,32,16384,1307.0065:163.3408,1301.7057:163.3459,1300.9661:164.0115,1264.8284:159.0468,1301.6383:162.6206,
DATA,8.0000,64,16384,1383.4586:172.9916,1383.0192:172.1405,1385.1977:171.9210,1377.7887:172.7184,1377.6569:171.8561,
DATA,8.0000,128,16384,1456.5240:179.7898,1451.5634:181.1401,1447.8371:180.1716,1446.0122:181.8022,1449.3109:180.1625,
DATA,8.0000,256,16384,1516.5519:191.1416,1513.3692:188.9002,1506.4112:187.5458,1507.6890:189.7950,1507.1531:187.2284,
DATA,8.0000,512,16384,1549.3856:194.4743,1552.5383:193.3275,1551.2174:193.7027,1553.5718:195.4712,1553.3992:195.6966,
DATA,8.0000,1024,16384,1590.9748:198.7451,1582.2647:198.5484,1562.4538:197.4296,1567.0260:197.0053,1563.3703:195.0698,
DATA,8.0000,2048,16384,1606.3622:201.5708,1602.8154:200.1419,1604.6442:201.3897,1601.0012:200.5641,1613.3629:202.5929,
DATA,128.0000,32,256,7557.0219:58.6789,7493.0741:60.8849,7466.7018:61.3536,7473.0702:59.3554,7457.5450:58.7397,
DATA,128.0000,64,256,7771.0685:61.4458,7747.9069:61.0658,7737.2282:61.2963,7730.5481:60.3794,7714.0961:62.7973,
DATA,128.0000,128,256,7894.7834:60.7794,7810.0922:59.4540,7819.6616:59.0506,7813.1328:61.3815,7825.4221:61.1596,
DATA,128.0000,256,256,7768.2009:63.1592,7680.4824:60.3003,7678.0293:58.4480,7709.9679:60.0607,7698.8086:58.8017,
DATA,128.0000,512,256,7983.4958:60.1242,7908.9805:61.3698,7888.1162:60.4459,7868.1684:65.4500,7826.2916:61.0457,
DATA,128.0000,1024,256,8072.3370:64.7682,8054.7937:62.1313,7995.8992:62.0835,8051.3144:61.4496,8021.7269:61.9168,
DATA,128.0000,2048,256,7782.6439:61.9266,7723.8387:62.6746,7698.1535:58.8726,7690.1511:62.3625,7714.2089:62.0126,
DATA,128.0000,32,512,7133.2220:54.9535,7053.8746:55.8110,7052.9039:58.0251,7044.3757:54.3405,7043.8679:56.6979,
DATA,128.0000,64,512,7252.9056:55.6177,7190.1212:57.0714,7193.4650:57.5365,7189.5420:55.7158,7169.9480:57.6397,
DATA,128.0000,128,512,7130.1653:57.5371,7084.6195:55.2985,7096.2625:55.1731,7068.4339:55.7461,7049.2329:55.9173,
DATA,128.0000,256,512,7340.2431:57.1443,7326.3223:56.2173,7292.1720:57.3248,7309.0582:55.9738,7352.4145:55.1485,
DATA,128.0000,512,512,7467.9431:62.0454,7467.2173:56.7668,7436.8770:59.7845,7448.2808:58.8527,7422.9548:59.0681,
DATA,128.0000,1024,512,7668.3437:60.7862,7615.7199:60.4072,7580.6878:60.4381,7605.8478:59.5950,7608.6969:60.0823,
DATA,128.0000,2048,512,7527.4791:58.5967,7480.1321:59.6710,7450.7458:60.3895,7442.2846:62.6221,7473.3164:58.2122,
DATA,128.0000,32,1024,6630.6442:51.3174,6572.3136:50.1318,6554.2183:51.9242,6562.3088:52.9551,6555.7284:52.3025,
DATA,128.0000,64,1024,6775.8607:52.2343,6724.0756:54.0212,6709.8757:55.9191,6722.8322:52.8843,6701.8054:53.9444,
DATA,128.0000,128,1024,6643.2773:51.9883,6728.1635:53.5409,6700.4017:52.7418,6681.4558:52.9996,6688.8614:50.7829,
DATA,128.0000,256,1024,6984.0136:58.4874,7018.4109:53.7121,6988.8528:54.0534,7019.0997:54.6083,7011.5730:53.2682,
DATA,128.0000,512,1024,7123.4985:56.8308,7099.0289:57.1770,7082.6090:54.5982,7088.6912:55.0763,7078.3203:55.7146,
DATA,128.0000,1024,1024,6524.4527:51.0896,6477.7925:51.3176,6546.0135:50.0953,6460.3709:50.0301,6486.7570:52.1452,
DATA,128.0000,2048,1024,6821.4770:52.5820,6807.4335:51.6439,6712.2949:54.8766,6770.2849:54.2845,6750.2508:55.2899,
DATA,128.0000,32,2048,5969.8410:45.8394,5933.8693:44.8102,5875.0214:48.0061,5875.6358:46.4280,5866.5687:44.5699,
DATA,128.0000,64,2048,5920.0594:45.6374,5870.1340:46.0274,5895.5923:45.8979,5887.8569:45.7176,5867.0729:46.6890,
DATA,128.0000,128,2048,5980.7011:46.0745,5920.9036:48.0797,5955.8743:45.6112,5932.3039:46.3041,5924.8098:46.6068,
DATA,128.0000,256,2048,6036.9263:48.5616,6011.2184:49.3629,5989.6830:46.1115,6018.3261:46.9751,6014.1334:46.3926,
DATA,128.0000,512,2048,6025.3474:46.9679,5989.9579:49.0962,6031.0257:45.6648,6044.1602:45.8869,5921.5943:46.2192,
DATA,128.0000,1024,2048,6126.0164:46.7876,6072.5189:46.3792,6089.3324:47.1568,6068.1058:48.8417,6105.5051:48.3657,
DATA,128.0000,2048,2048,6116.2632:48.5124,6146.1523:47.3456,6137.1896:47.4942,6101.4267:45.8802,6113.2149:47.6805,
DATA,128.0000,32,4096,4438.0346:34.8212,4487.8607:35.7820,4476.7751:35.5572,4460.7494:34.3878,4483.2824:34.0152,
DATA,128.0000,64,4096,4537.2163:36.0832,4510.2718:33.8994,4511.1307:35.3027,4437.7577:34.0528,4550.1795:33.3220,
DATA,128.0000,128,4096,4582.1979:34.3702,4548.1929:35.0846,4562.2440:36.7226,4584.3572:36.0623,4529.2673:35.5138,
DATA,128.0000,256,4096,4322.2161:32.5734,4259.8598:34.2453,4292.3279:32.0651,4302.6284:34.4142,4238.7896:34.0327,
DATA,128.0000,512,4096,4279.7394:31.9926,4277.0485:32.9058,4287.9823:33.2295,4293.6440:33.4259,4290.1599:32.8540,
DATA,128.0000,1024,4096,4344.0635:33.1124,4650.4355:36.2029,4584.7334:36.0660,4600.4698:37.0058,4635.9697:35.6428,
DATA,128.0000,2048,4096,4408.0795:34.8750,4599.5227:35.7357,4533.0411:36.6005,4566.1626:36.3808,4574.9576:37.1482,
DATA,128.0000,32,8192,2720.6946:21.5679,2729.9454:20.6986,2727.5108:21.2340,2730.2064:22.1010,2724.1546:21.0143,
DATA,128.0000,64,8192,2811.4545:21.4022,2805.0145:22.2078,2808.6642:21.7089,2802.2022:21.9863,2812.4597:21.4669,
DATA,128.0000,128,8192,2869.3823:21.8286,2842.7827:22.6223,2848.4378:22.0019,2831.9652:23.2413,2845.7206:22.9349,
DATA,128.0000,256,8192,2840.1891:21.8804,2841.1013:21.7720,2824.6726:21.7179,2830.8944:21.6795,2801.1301:21.4088,
DATA,128.0000,512,8192,2887.6729:21.8502,2892.0565:22.1183,2881.7678:22.8885,2875.4811:21.4370,2879.1143:22.6919,
DATA,128.0000,1024,8192,2922.1052:23.4164,2923.0066:23.4680,2935.6468:22.7942,2934.8367:22.4454,2935.0088:22.6256,
DATA,128.0000,2048,8192,2911.6428:22.4302,2908.2732:23.4233,2913.5893:23.1700,2918.1074:23.6356,2915.7836:22.3868,
DATA,128.0000,32,16384,1550.9493:12.2555,1551.8658:12.0263,1550.4977:11.9291,1553.5193:11.8735,1553.4528:12.1570,
DATA,128.0000,64,16384,1640.4589:12.2965,1639.1195:13.2687,1637.6605:12.2423,1636.8848:12.8597,1641.5133:12.3544,
DATA,128.0000,128,16384,1622.6118:12.6075,1622.7234:12.4354,1612.3005:12.9860,1597.1913:12.2965,1594.4732:12.7695,
DATA,128.0000,256,16384,1620.3800:12.7630,1623.8808:12.8565,1627.5515:12.7368,1610.9357:12.4840,1614.5147:12.2741,
DATA,128.0000,512,16384,1630.6748:13.1505,1632.6198:12.7018,1635.8569:12.4695,1633.1711:12.4408,1624.8256:12.4102,
DATA,128.0000,1024,16384,1654.8461:12.7318,1661.5948:13.0368,1657.2400:13.0869,1660.4491:12.6990,1660.1960:13.0680,
DATA,128.0000,2048,16384,1661.6225:12.9863,1666.1575:12.8951,1661.9993:12.7108,1666.2922:12.6844,1664.1947:12.9810,
